"Name","Rarity","Attunement"
"+1 Arrow","uncommon",""
"+1 Battleaxe","uncommon",""
"+1 Blowgun","uncommon",""
"+1 Bolt","uncommon",""
"+1 Breastplate","rare",""
"+1 Chain Mail","rare",""
"+1 Chain Shirt","rare",""
"+1 Club","uncommon",""
"+1 Dagger","uncommon",""
"+1 Dart","uncommon",""
"+1 Firearm Bullet","uncommon",""
"+1 Flail","uncommon",""
"+1 Glaive","uncommon",""
"+1 Greataxe","uncommon",""
"+1 Greatclub","uncommon",""
"+1 Greatsword","uncommon",""
"+1 Halberd","uncommon",""
"+1 Half Plate Armor","rare",""
"+1 Hand Crossbow","uncommon",""
"+1 Handaxe","uncommon",""
"+1 Heavy Crossbow","uncommon",""
"+1 Hide Armor","rare",""
"+1 Javelin","uncommon",""
"+1 Lance","uncommon",""
"+1 Leather Armor","rare",""
"+1 Light Crossbow","uncommon",""
"+1 Light Hammer","uncommon",""
"+1 Longbow","uncommon",""
"+1 Longsword","uncommon",""
"+1 Mace","uncommon",""
"+1 Maul","uncommon",""
"+1 Morningstar","uncommon",""
"+1 Needle","uncommon",""
"+1 Padded Armor","rare",""
"+1 Pike","uncommon",""
"+1 Plate Armor","rare",""
"+1 Quarterstaff","uncommon",""
"+1 Rapier","uncommon",""
"+1 Ring Mail","rare",""
"+1 Scale Mail","rare",""
"+1 Scimitar","uncommon",""
"+1 Shield","uncommon",""
"+1 Shortbow","uncommon",""
"+1 Shortsword","uncommon",""
"+1 Sickle","uncommon",""
"+1 Sling","uncommon",""
"+1 Sling Bullet","uncommon",""
"+1 Spear","uncommon",""
"+1 Splint Armor","rare",""
"+1 Studded Leather Armor","rare",""
"+1 Trident","uncommon",""
"+1 Wand of the War Mage","uncommon","Requires Attunement By a Spellcaster"
"+1 War Pick","uncommon",""
"+1 Warhammer","uncommon",""
"+1 Whip","uncommon",""
"+2 Arrow","rare",""
"+2 Battleaxe","rare",""
"+2 Blowgun","rare",""
"+2 Bolt","rare",""
"+2 Breastplate","very rare",""
"+2 Chain Mail","very rare",""
"+2 Chain Shirt","very rare",""
"+2 Club","rare",""
"+2 Dagger","rare",""
"+2 Dart","rare",""
"+2 Firearm Bullet","rare",""
"+2 Flail","rare",""
"+2 Glaive","rare",""
"+2 Greataxe","rare",""
"+2 Greatclub","rare",""
"+2 Greatsword","rare",""
"+2 Halberd","rare",""
"+2 Half Plate Armor","very rare",""
"+2 Hand Crossbow","rare",""
"+2 Handaxe","rare",""
"+2 Heavy Crossbow","rare",""
"+2 Hide Armor","very rare",""
"+2 Javelin","rare",""
"+2 Lance","rare",""
"+2 Leather Armor","very rare",""
"+2 Light Crossbow","rare",""
"+2 Light Hammer","rare",""
"+2 Longbow","rare",""
"+2 Longsword","rare",""
"+2 Mace","rare",""
"+2 Maul","rare",""
"+2 Morningstar","rare",""
"+2 Needle","rare",""
"+2 Padded Armor","very rare",""
"+2 Pike","rare",""
"+2 Plate Armor","very rare",""
"+2 Quarterstaff","rare",""
"+2 Rapier","rare",""
"+2 Ring Mail","very rare",""
"+2 Scale Mail","very rare",""
"+2 Scimitar","rare",""
"+2 Shield","rare",""
"+2 Shortbow","rare",""
"+2 Shortsword","rare",""
"+2 Sickle","rare",""
"+2 Sling","rare",""
"+2 Sling Bullet","rare",""
"+2 Spear","rare",""
"+2 Splint Armor","very rare",""
"+2 Studded Leather Armor","very rare",""
"+2 Trident","rare",""
"+2 Wand of the War Mage","rare","Requires Attunement By a Spellcaster"
"+2 War Pick","rare",""
"+2 Warhammer","rare",""
"+2 Whip","rare",""
"+3 Arrow","very rare",""
"+3 Battleaxe","very rare",""
"+3 Blowgun","very rare",""
"+3 Bolt","very rare",""
"+3 Club","very rare",""
"+3 Dagger","very rare",""
"+3 Dart","very rare",""
"+3 Firearm Bullet","very rare",""
"+3 Flail","very rare",""
"+3 Glaive","very rare",""
"+3 Greataxe","very rare",""
"+3 Greatclub","very rare",""
"+3 Greatsword","very rare",""
"+3 Halberd","very rare",""
"+3 Hand Crossbow","very rare",""
"+3 Handaxe","very rare",""
"+3 Heavy Crossbow","very rare",""
"+3 Javelin","very rare",""
"+3 Lance","very rare",""
"+3 Light Crossbow","very rare",""
"+3 Light Hammer","very rare",""
"+3 Longbow","very rare",""
"+3 Longsword","very rare",""
"+3 Mace","very rare",""
"+3 Maul","very rare",""
"+3 Morningstar","very rare",""
"+3 Needle","very rare",""
"+3 Pike","very rare",""
"+3 Quarterstaff","very rare",""
"+3 Rapier","very rare",""
"+3 Scimitar","very rare",""
"+3 Shield","very rare",""
"+3 Shortbow","very rare",""
"+3 Shortsword","very rare",""
"+3 Sickle","very rare",""
"+3 Sling","very rare",""
"+3 Sling Bullet","very rare",""
"+3 Spear","very rare",""
"+3 Trident","very rare",""
"+3 Wand of the War Mage","very rare","Requires Attunement By a Spellcaster"
"+3 War Pick","very rare",""
"+3 Warhammer","very rare",""
"+3 Whip","very rare",""
"Adamantine Breastplate","uncommon",""
"Adamantine Chain Mail","uncommon",""
"Adamantine Chain Shirt","uncommon",""
"Adamantine Half Plate Armor","uncommon",""
"Adamantine Plate Armor","uncommon",""
"Adamantine Ring Mail","uncommon",""
"Adamantine Scale Mail","uncommon",""
"Adamantine Splint Armor","uncommon",""
"Amulet of Health","rare","Requires Attunement"
"Amulet of Proof against Detection and Location","uncommon","Requires Attunement"
"Animated Shield","very rare","Requires Attunement"
"Arrow of Slaying","very rare",""
"Arrow-Catching Shield","rare","Requires Attunement"
"Bag of Beans","rare",""
"Bag of Devouring","very rare",""
"Bag of Holding","uncommon",""
"Bag of Tricks","uncommon",""
"Bag of Tricks, Gray","uncommon",""
"Bag of Tricks, Rust","uncommon",""
"Bag of Tricks, Tan","uncommon",""
"Bead of Force","rare",""
"Bead of Nourishment","common",""
"Belt of Dwarvenkind","rare","Requires Attunement"
"Belt of Fire Giant Strength","very rare","Requires Attunement"
"Belt of Frost Giant Strength","very rare","Requires Attunement"
"Belt of Hill Giant Strength","rare","Requires Attunement"
"Belt of Stone Giant Strength","very rare","Requires Attunement"
"Berserker Battleaxe","rare","Requires Attunement"
"Berserker Greataxe","rare","Requires Attunement"
"Berserker Halberd","rare","Requires Attunement"
"Black Dragon Scale Mail","very rare","Requires Attunement"
"Blue Dragon Scale Mail","very rare","Requires Attunement"
"Bolt of Slaying","very rare",""
"Boots of Elvenkind","uncommon",""
"Boots of Levitation","rare","Requires Attunement"
"Boots of Speed","rare","Requires Attunement"
"Boots of Striding and Springing","uncommon","Requires Attunement"
"Boots of the Winterlands","uncommon","Requires Attunement"
"Bowl of Commanding Water Elementals","rare",""
"Bracers of Archery","uncommon","Requires Attunement"
"Bracers of Defense","rare","Requires Attunement"
"Brass Dragon Scale Mail","very rare","Requires Attunement"
"Brazier of Commanding Fire Elementals","rare",""
"Breastplate of Acid Resistance","rare","Requires Attunement"
"Breastplate of Cold Resistance","rare","Requires Attunement"
"Breastplate of Fire Resistance","rare","Requires Attunement"
"Breastplate of Force Resistance","rare","Requires Attunement"
"Breastplate of Lightning Resistance","rare","Requires Attunement"
"Breastplate of Necrotic Resistance","rare","Requires Attunement"
"Breastplate of Poison Resistance","rare","Requires Attunement"
"Breastplate of Psychic Resistance","rare","Requires Attunement"
"Breastplate of Radiant Resistance","rare","Requires Attunement"
"Breastplate of Thunder Resistance","rare","Requires Attunement"
"Breastplate of Vulnerability (Bludgeoning)","rare","Requires Attunement"
"Breastplate of Vulnerability (Piercing)","rare","Requires Attunement"
"Breastplate of Vulnerability (Slashing)","rare","Requires Attunement"
"Bronze Dragon Scale Mail","very rare","Requires Attunement"
"Brooch of Shielding","uncommon","Requires Attunement"
"Broom of Flying","uncommon","Requires Attunement"
"Candle of Invocation","very rare","Requires Attunement"
"Cape of the Mountebank","rare",""
"Carpet of Flying","very rare",""
"Carpet of Flying, 3 ft. × 5 ft.","very rare",""
"Carpet of Flying, 4 ft. × 6 ft.","very rare",""
"Carpet of Flying, 5 ft. × 7 ft.","very rare",""
"Carpet of Flying, 6 ft. × 9 ft.","very rare",""
"Censer of Controlling Air Elementals","rare",""
"Chain Mail of Acid Resistance","rare","Requires Attunement"
"Chain Mail of Cold Resistance","rare","Requires Attunement"
"Chain Mail of Fire Resistance","rare","Requires Attunement"
"Chain Mail of Force Resistance","rare","Requires Attunement"
"Chain Mail of Lightning Resistance","rare","Requires Attunement"
"Chain Mail of Necrotic Resistance","rare","Requires Attunement"
"Chain Mail of Poison Resistance","rare","Requires Attunement"
"Chain Mail of Psychic Resistance","rare","Requires Attunement"
"Chain Mail of Radiant Resistance","rare","Requires Attunement"
"Chain Mail of Thunder Resistance","rare","Requires Attunement"
"Chain Mail of Vulnerability (Bludgeoning)","rare","Requires Attunement"
"Chain Mail of Vulnerability (Piercing)","rare","Requires Attunement"
"Chain Mail of Vulnerability (Slashing)","rare","Requires Attunement"
"Chain Shirt of Acid Resistance","rare","Requires Attunement"
"Chain Shirt of Cold Resistance","rare","Requires Attunement"
"Chain Shirt of Fire Resistance","rare","Requires Attunement"
"Chain Shirt of Force Resistance","rare","Requires Attunement"
"Chain Shirt of Lightning Resistance","rare","Requires Attunement"
"Chain Shirt of Necrotic Resistance","rare","Requires Attunement"
"Chain Shirt of Poison Resistance","rare","Requires Attunement"
"Chain Shirt of Psychic Resistance","rare","Requires Attunement"
"Chain Shirt of Radiant Resistance","rare","Requires Attunement"
"Chain Shirt of Thunder Resistance","rare","Requires Attunement"
"Chain Shirt of Vulnerability (Bludgeoning)","rare","Requires Attunement"
"Chain Shirt of Vulnerability (Piercing)","rare","Requires Attunement"
"Chain Shirt of Vulnerability (Slashing)","rare","Requires Attunement"
"Chime of Opening","rare",""
"Circlet of Blasting","uncommon",""
"Cloak of Arachnida","very rare","Requires Attunement"
"Cloak of Displacement","rare","Requires Attunement"
"Cloak of Elvenkind","uncommon","Requires Attunement"
"Cloak of Protection","uncommon","Requires Attunement"
"Cloak of the Bat","rare","Requires Attunement"
"Cloak of the Manta Ray","uncommon","Requires Attunement"
"Copper Dragon Scale Mail","very rare","Requires Attunement"
"Crystal Ball","very rare","Requires Attunement"
"Cube of Force","rare","Requires Attunement"
"Daern's Instant Fortress","rare","Requires Attunement"
"Dagger of Venom","rare",""
"Dancing Greatsword","very rare","Requires Attunement"
"Dancing Longsword","very rare","Requires Attunement"
"Dancing Rapier","very rare","Requires Attunement"
"Dancing Scimitar","very rare","Requires Attunement"
"Dancing Shortsword","very rare","Requires Attunement"
"Decanter of Endless Water","uncommon",""
"Deck of Illusions","uncommon",""
"Demon Breastplate","very rare","Requires Attunement"
"Demon Chain Mail","very rare","Requires Attunement"
"Demon Chain Shirt","very rare","Requires Attunement"
"Demon Half Plate Armor","very rare","Requires Attunement"
"Demon Hide Armor","very rare","Requires Attunement"
"Demon Leather Armor","very rare","Requires Attunement"
"Demon Padded Armor","very rare","Requires Attunement"
"Demon Plate Armor","very rare","Requires Attunement"
"Demon Ring Mail","very rare","Requires Attunement"
"Demon Scale Mail","very rare","Requires Attunement"
"Demon Splint Armor","very rare","Requires Attunement"
"Demon Studded Leather Armor","very rare","Requires Attunement"
"Dimensional Shackles","rare",""
"Dragon Scale Mail","very rare","Requires Attunement"
"Dragon Slayer Battleaxe","rare",""
"Dragon Slayer Blowgun","rare",""
"Dragon Slayer Club","rare",""
"Dragon Slayer Dagger","rare",""
"Dragon Slayer Dart","rare",""
"Dragon Slayer Flail","rare",""
"Dragon Slayer Glaive","rare",""
"Dragon Slayer Greataxe","rare",""
"Dragon Slayer Greatclub","rare",""
"Dragon Slayer Greatsword","rare",""
"Dragon Slayer Halberd","rare",""
"Dragon Slayer Hand Crossbow","rare",""
"Dragon Slayer Handaxe","rare",""
"Dragon Slayer Heavy Crossbow","rare",""
"Dragon Slayer Javelin","rare",""
"Dragon Slayer Lance","rare",""
"Dragon Slayer Light Crossbow","rare",""
"Dragon Slayer Light Hammer","rare",""
"Dragon Slayer Longbow","rare",""
"Dragon Slayer Longsword","rare",""
"Dragon Slayer Mace","rare",""
"Dragon Slayer Maul","rare",""
"Dragon Slayer Morningstar","rare",""
"Dragon Slayer Pike","rare",""
"Dragon Slayer Quarterstaff","rare",""
"Dragon Slayer Rapier","rare",""
"Dragon Slayer Scimitar","rare",""
"Dragon Slayer Shortbow","rare",""
"Dragon Slayer Shortsword","rare",""
"Dragon Slayer Sickle","rare",""
"Dragon Slayer Sling","rare",""
"Dragon Slayer Spear","rare",""
"Dragon Slayer Staff","rare",""
"Dragon Slayer Trident","rare",""
"Dragon Slayer War Pick","rare",""
"Dragon Slayer Warhammer","rare",""
"Dragon Slayer Whip","rare",""
"Dragon Slayer Wooden Staff","rare",""
"Dust of Disappearance","uncommon",""
"Dust of Dryness","uncommon",""
"Dust of Sneezing and Choking","uncommon",""
"Dwarven Half Plate Armor","very rare",""
"Dwarven Plate Armor","very rare",""
"Dwarven Thrower","very rare","Requires Attunement By a Dwarf or a Creature Attuned to a Belt of Dwarvenkind"
"Efreeti Bottle","very rare",""
"Elemental Gem","uncommon",""
"Elemental Gem, Blue Sapphire","uncommon",""
"Elemental Gem, Emerald","uncommon",""
"Elemental Gem, Red Corundum","uncommon",""
"Elemental Gem, Yellow Diamond","uncommon",""
"Elixir of Health","rare",""
"Elven Chain Mail","rare",""
"Elven Chain Shirt","rare",""
"Energy Longbow","very rare","Requires Attunement"
"Energy Shortbow","very rare","Requires Attunement"
"Eversmoking Bottle","uncommon",""
"Eyes of Charming","uncommon","Requires Attunement"
"Eyes of Minute Seeing","uncommon",""
"Eyes of the Eagle","uncommon",""
"Figurine of Wondrous Power, Bronze Griffon","rare",""
"Figurine of Wondrous Power, Ebony Fly","rare",""
"Figurine of Wondrous Power, Golden Lions","rare",""
"Figurine of Wondrous Power, Ivory Goats","rare",""
"Figurine of Wondrous Power, Marble Elephant","rare",""
"Figurine of Wondrous Power, Obsidian Steed","very rare",""
"Figurine of Wondrous Power, Onyx Dog","rare",""
"Figurine of Wondrous Power, Serpentine Owl","rare",""
"Figurine of Wondrous Power, Silver Raven","uncommon",""
"Firearm Bullet of Slaying","very rare",""
"Flame Tongue Battleaxe","rare","Requires Attunement"
"Flame Tongue Club","rare","Requires Attunement"
"Flame Tongue Dagger","rare","Requires Attunement"
"Flame Tongue Flail","rare","Requires Attunement"
"Flame Tongue Glaive","rare","Requires Attunement"
"Flame Tongue Greataxe","rare","Requires Attunement"
"Flame Tongue Greatclub","rare","Requires Attunement"
"Flame Tongue Greatsword","rare","Requires Attunement"
"Flame Tongue Halberd","rare","Requires Attunement"
"Flame Tongue Handaxe","rare","Requires Attunement"
"Flame Tongue Javelin","rare","Requires Attunement"
"Flame Tongue Lance","rare","Requires Attunement"
"Flame Tongue Light Hammer","rare","Requires Attunement"
"Flame Tongue Longsword","rare","Requires Attunement"
"Flame Tongue Mace","rare","Requires Attunement"
"Flame Tongue Maul","rare","Requires Attunement"
"Flame Tongue Morningstar","rare","Requires Attunement"
"Flame Tongue Pike","rare","Requires Attunement"
"Flame Tongue Quarterstaff","rare","Requires Attunement"
"Flame Tongue Rapier","rare","Requires Attunement"
"Flame Tongue Scimitar","rare","Requires Attunement"
"Flame Tongue Shortsword","rare","Requires Attunement"
"Flame Tongue Sickle","rare","Requires Attunement"
"Flame Tongue Spear","rare","Requires Attunement"
"Flame Tongue Trident","rare","Requires Attunement"
"Flame Tongue War Pick","rare","Requires Attunement"
"Flame Tongue Warhammer","rare","Requires Attunement"
"Flame Tongue Whip","rare","Requires Attunement"
"Folding Boat","rare",""
"Frost Brand Glaive","very rare","Requires Attunement"
"Frost Brand Greatsword","very rare","Requires Attunement"
"Frost Brand Longsword","very rare","Requires Attunement"
"Frost Brand Rapier","very rare","Requires Attunement"
"Frost Brand Scimitar","very rare","Requires Attunement"
"Frost Brand Shortsword","very rare","Requires Attunement"
"Gauntlets of Ogre Power","uncommon","Requires Attunement"
"Gem of Brightness","uncommon",""
"Gem of Seeing","rare","Requires Attunement"
"Giant Slayer Battleaxe","rare",""
"Giant Slayer Blowgun","rare",""
"Giant Slayer Club","rare",""
"Giant Slayer Dagger","rare",""
"Giant Slayer Dart","rare",""
"Giant Slayer Flail","rare",""
"Giant Slayer Glaive","rare",""
"Giant Slayer Greataxe","rare",""
"Giant Slayer Greatclub","rare",""
"Giant Slayer Greatsword","rare",""
"Giant Slayer Halberd","rare",""
"Giant Slayer Hand Crossbow","rare",""
"Giant Slayer Handaxe","rare",""
"Giant Slayer Heavy Crossbow","rare",""
"Giant Slayer Javelin","rare",""
"Giant Slayer Lance","rare",""
"Giant Slayer Light Crossbow","rare",""
"Giant Slayer Light Hammer","rare",""
"Giant Slayer Longbow","rare",""
"Giant Slayer Longsword","rare",""
"Giant Slayer Mace","rare",""
"Giant Slayer Maul","rare",""
"Giant Slayer Morningstar","rare",""
"Giant Slayer Pike","rare",""
"Giant Slayer Quarterstaff","rare",""
"Giant Slayer Rapier","rare",""
"Giant Slayer Scimitar","rare",""
"Giant Slayer Shortbow","rare",""
"Giant Slayer Shortsword","rare",""
"Giant Slayer Sickle","rare",""
"Giant Slayer Sling","rare",""
"Giant Slayer Spear","rare",""
"Giant Slayer Staff","rare",""
"Giant Slayer Trident","rare",""
"Giant Slayer War Pick","rare",""
"Giant Slayer Warhammer","rare",""
"Giant Slayer Whip","rare",""
"Giant Slayer Wooden Staff","rare",""
"Glaive of Life Stealing","rare","Requires Attunement"
"Glaive of Sharpness","very rare","Requires Attunement"
"Glaive of Wounding","rare","Requires Attunement"
"Glamoured Studded Leather","rare",""
"Gloves of Missile Snaring","uncommon","Requires Attunement"
"Gloves of Swimming and Climbing","uncommon","Requires Attunement"
"Gloves of Thievery","uncommon",""
"Goggles of Night","uncommon",""
"Gold Dragon Scale Mail","very rare","Requires Attunement"
"Greatsword of Life Stealing","rare","Requires Attunement"
"Greatsword of Sharpness","very rare","Requires Attunement"
"Greatsword of Wounding","rare","Requires Attunement"
"Green Dragon Scale Mail","very rare","Requires Attunement"
"Half Plate Armor of Acid Resistance","rare","Requires Attunement"
"Half Plate Armor of Cold Resistance","rare","Requires Attunement"
"Half Plate Armor of Fire Resistance","rare","Requires Attunement"
"Half Plate Armor of Force Resistance","rare","Requires Attunement"
"Half Plate Armor of Lightning Resistance","rare","Requires Attunement"
"Half Plate Armor of Necrotic Resistance","rare","Requires Attunement"
"Half Plate Armor of Poison Resistance","rare","Requires Attunement"
"Half Plate Armor of Psychic Resistance","rare","Requires Attunement"
"Half Plate Armor of Radiant Resistance","rare","Requires Attunement"
"Half Plate Armor of Thunder Resistance","rare","Requires Attunement"
"Half Plate Armor of Vulnerability (Bludgeoning)","rare","Requires Attunement"
"Half Plate Armor of Vulnerability (Piercing)","rare","Requires Attunement"
"Half Plate Armor of Vulnerability (Slashing)","rare","Requires Attunement"
"Hat of Disguise","uncommon","Requires Attunement"
"Hat of Many Spells","very rare","Requires Attunement By a Wizard"
"Headband of Intellect","uncommon","Requires Attunement"
"Helm of Brilliance","very rare","Requires Attunement"
"Helm of Comprehending Languages","uncommon",""
"Helm of Telepathy","uncommon","Requires Attunement"
"Helm of Teleportation","rare","Requires Attunement"
"Heward's Handy Haversack","rare",""
"Hide Armor of Acid Resistance","rare","Requires Attunement"
"Hide Armor of Cold Resistance","rare","Requires Attunement"
"Hide Armor of Fire Resistance","rare","Requires Attunement"
"Hide Armor of Force Resistance","rare","Requires Attunement"
"Hide Armor of Lightning Resistance","rare","Requires Attunement"
"Hide Armor of Necrotic Resistance","rare","Requires Attunement"
"Hide Armor of Poison Resistance","rare","Requires Attunement"
"Hide Armor of Psychic Resistance","rare","Requires Attunement"
"Hide Armor of Radiant Resistance","rare","Requires Attunement"
"Hide Armor of Thunder Resistance","rare","Requires Attunement"
"Hide Armor of Vulnerability (Bludgeoning)","rare","Requires Attunement"
"Hide Armor of Vulnerability (Piercing)","rare","Requires Attunement"
"Hide Armor of Vulnerability (Slashing)","rare","Requires Attunement"
"Horn of Blasting","rare",""
"Horn of Valhalla, Brass","rare",""
"Horn of Valhalla, Bronze","very rare",""
"Horn of Valhalla, Silver","rare",""
"Horseshoes of Speed","rare",""
"Horseshoes of a Zephyr","very rare",""
"Immovable Rod","uncommon",""
"Ioun Stone, Absorption","very rare","Requires Attunement"
"Ioun Stone, Agility","very rare","Requires Attunement"
"Ioun Stone, Awareness","rare","Requires Attunement"
"Ioun Stone, Fortitude","very rare","Requires Attunement"
"Ioun Stone, Insight","very rare","Requires Attunement"
"Ioun Stone, Intellect","very rare","Requires Attunement"
"Ioun Stone, Leadership","very rare","Requires Attunement"
"Ioun Stone, Protection","rare","Requires Attunement"
"Ioun Stone, Reserve","rare","Requires Attunement"
"Ioun Stone, Strength","very rare","Requires Attunement"
"Ioun Stone, Sustenance","rare","Requires Attunement"
"Iron Bands of Bilarro","rare",""
"Javelin of Lightning","uncommon",""
"Lantern of Revealing","uncommon",""
"Leather Armor of Acid Resistance","rare","Requires Attunement"
"Leather Armor of Cold Resistance","rare","Requires Attunement"
"Leather Armor of Fire Resistance","rare","Requires Attunement"
"Leather Armor of Force Resistance","rare","Requires Attunement"
"Leather Armor of Lightning Resistance","rare","Requires Attunement"
"Leather Armor of Necrotic Resistance","rare","Requires Attunement"
"Leather Armor of Poison Resistance","rare","Requires Attunement"
"Leather Armor of Psychic Resistance","rare","Requires Attunement"
"Leather Armor of Radiant Resistance","rare","Requires Attunement"
"Leather Armor of Thunder Resistance","rare","Requires Attunement"
"Leather Armor of Vulnerability (Bludgeoning)","rare","Requires Attunement"
"Leather Armor of Vulnerability (Piercing)","rare","Requires Attunement"
"Leather Armor of Vulnerability (Slashing)","rare","Requires Attunement"
"Longsword of Life Stealing","rare","Requires Attunement"
"Longsword of Sharpness","very rare","Requires Attunement"
"Longsword of Wounding","rare","Requires Attunement"
"Mace of Disruption","rare","Requires Attunement"
"Mace of Smiting","rare",""
"Mantle of Spell Resistance","rare","Requires Attunement"
"Manual of Bodily Health","very rare",""
"Manual of Clay Golems","very rare",""
"Manual of Flesh Golems","very rare",""
"Manual of Gainful Exercise","very rare",""
"Manual of Golems","very rare",""
"Manual of Iron Golems","very rare",""
"Manual of Quickness of Action","very rare",""
"Manual of Stone Golems","very rare",""
"Medallion of Thoughts","uncommon","Requires Attunement"
"Mirror of Life Trapping","very rare",""
"Mithral Breastplate","uncommon",""
"Mithral Chain Mail","uncommon",""
"Mithral Chain Shirt","uncommon",""
"Mithral Half Plate Armor","uncommon",""
"Mithral Plate Armor","uncommon",""
"Mithral Ring Mail","uncommon",""
"Mithral Scale Mail","uncommon",""
"Mithral Splint Armor","uncommon",""
"Necklace of Adaptation","uncommon","Requires Attunement"
"Necklace of Fireballs","rare",""
"Necklace of Prayer Beads","rare","Requires Attunement By a Cleric, Druid, or Paladin"
"Needle of Slaying","very rare",""
"Nine Lives Stealer Battleaxe","very rare","Requires Attunement"
"Nine Lives Stealer Blowgun","very rare","Requires Attunement"
"Nine Lives Stealer Club","very rare","Requires Attunement"
"Nine Lives Stealer Dagger","very rare","Requires Attunement"
"Nine Lives Stealer Dart","very rare","Requires Attunement"
"Nine Lives Stealer Flail","very rare","Requires Attunement"
"Nine Lives Stealer Glaive","very rare","Requires Attunement"
"Nine Lives Stealer Greataxe","very rare","Requires Attunement"
"Nine Lives Stealer Greatclub","very rare","Requires Attunement"
"Nine Lives Stealer Greatsword","very rare","Requires Attunement"
"Nine Lives Stealer Halberd","very rare","Requires Attunement"
"Nine Lives Stealer Hand Crossbow","very rare","Requires Attunement"
"Nine Lives Stealer Handaxe","very rare","Requires Attunement"
"Nine Lives Stealer Heavy Crossbow","very rare","Requires Attunement"
"Nine Lives Stealer Javelin","very rare","Requires Attunement"
"Nine Lives Stealer Lance","very rare","Requires Attunement"
"Nine Lives Stealer Light Crossbow","very rare","Requires Attunement"
"Nine Lives Stealer Light Hammer","very rare","Requires Attunement"
"Nine Lives Stealer Longbow","very rare","Requires Attunement"
"Nine Lives Stealer Longsword","very rare","Requires Attunement"
"Nine Lives Stealer Mace","very rare","Requires Attunement"
"Nine Lives Stealer Maul","very rare","Requires Attunement"
"Nine Lives Stealer Morningstar","very rare","Requires Attunement"
"Nine Lives Stealer Pike","very rare","Requires Attunement"
"Nine Lives Stealer Quarterstaff","very rare","Requires Attunement"
"Nine Lives Stealer Rapier","very rare","Requires Attunement"
"Nine Lives Stealer Scimitar","very rare","Requires Attunement"
"Nine Lives Stealer Shortbow","very rare","Requires Attunement"
"Nine Lives Stealer Shortsword","very rare","Requires Attunement"
"Nine Lives Stealer Sickle","very rare","Requires Attunement"
"Nine Lives Stealer Sling","very rare","Requires Attunement"
"Nine Lives Stealer Spear","very rare","Requires Attunement"
"Nine Lives Stealer Staff","very rare","Requires Attunement"
"Nine Lives Stealer Trident","very rare","Requires Attunement"
"Nine Lives Stealer War Pick","very rare","Requires Attunement"
"Nine Lives Stealer Warhammer","very rare","Requires Attunement"
"Nine Lives Stealer Whip","very rare","Requires Attunement"
"Nine Lives Stealer Wooden Staff","very rare","Requires Attunement"
"Nolzur's Marvelous Pigments","very rare",""
"Oath Longbow","very rare","Requires Attunement"
"Oath Shortbow","very rare","Requires Attunement"
"Oil of Etherealness","rare",""
"Oil of Sharpness","very rare",""
"Oil of Slipperiness","uncommon",""
"Padded Armor of Acid Resistance","rare","Requires Attunement"
"Padded Armor of Cold Resistance","rare","Requires Attunement"
"Padded Armor of Fire Resistance","rare","Requires Attunement"
"Padded Armor of Force Resistance","rare","Requires Attunement"
"Padded Armor of Lightning Resistance","rare","Requires Attunement"
"Padded Armor of Necrotic Resistance","rare","Requires Attunement"
"Padded Armor of Poison Resistance","rare","Requires Attunement"
"Padded Armor of Psychic Resistance","rare","Requires Attunement"
"Padded Armor of Radiant Resistance","rare","Requires Attunement"
"Padded Armor of Thunder Resistance","rare","Requires Attunement"
"Padded Armor of Vulnerability (Bludgeoning)","rare","Requires Attunement"
"Padded Armor of Vulnerability (Piercing)","rare","Requires Attunement"
"Padded Armor of Vulnerability (Slashing)","rare","Requires Attunement"
"Pearl of Power","uncommon","Requires Attunement By a Spellcaster"
"Periapt of Health","uncommon","Requires Attunement"
"Periapt of Proof against Poison","rare","Requires Attunement"
"Periapt of Wound Closure","uncommon","Requires Attunement"
"Philter of Love","uncommon",""
"Pipes of Haunting","uncommon",""
"Pipes of the Sewers","uncommon","Requires Attunement"
"Plate Armor of Acid Resistance","rare","Requires Attunement"
"Plate Armor of Cold Resistance","rare","Requires Attunement"
"Plate Armor of Fire Resistance","rare","Requires Attunement"
"Plate Armor of Force Resistance","rare","Requires Attunement"
"Plate Armor of Lightning Resistance","rare","Requires Attunement"
"Plate Armor of Necrotic Resistance","rare","Requires Attunement"
"Plate Armor of Poison Resistance","rare","Requires Attunement"
"Plate Armor of Psychic Resistance","rare","Requires Attunement"
"Plate Armor of Radiant Resistance","rare","Requires Attunement"
"Plate Armor of Thunder Resistance","rare","Requires Attunement"
"Plate Armor of Vulnerability (Bludgeoning)","rare","Requires Attunement"
"Plate Armor of Vulnerability (Piercing)","rare","Requires Attunement"
"Plate Armor of Vulnerability (Slashing)","rare","Requires Attunement"
"Portable Hole","rare",""
"Potion of Acid Resistance","uncommon",""
"Potion of Animal Friendship","uncommon",""
"Potion of Clairvoyance","rare",""
"Potion of Climbing","common",""
"Potion of Cloud Giant Strength","very rare",""
"Potion of Cold Resistance","uncommon",""
"Potion of Diminution","rare",""
"Potion of Fire Giant Strength","rare",""
"Potion of Fire Resistance","uncommon",""
"Potion of Flying","very rare",""
"Potion of Force Resistance","uncommon",""
"Potion of Frost Giant Strength","rare",""
"Potion of Gaseous Form","rare",""
"Potion of Greater Healing","uncommon",""
"Potion of Growth","uncommon",""
"Potion of Healing","common",""
"Potion of Heroism","rare",""
"Potion of Hill Giant Strength","uncommon",""
"Potion of Invisibility","rare",""
"Potion of Invulnerability","rare",""
"Potion of Lightning Resistance","uncommon",""
"Potion of Longevity","very rare",""
"Potion of Mind Reading","rare",""
"Potion of Necrotic Resistance","uncommon",""
"Potion of Poison","uncommon",""
"Potion of Poison Resistance","uncommon",""
"Potion of Psychic Resistance","uncommon",""
"Potion of Radiant Resistance","uncommon",""
"Potion of Resistance","uncommon",""
"Potion of Speed","very rare",""
"Potion of Stone Giant Strength","rare",""
"Potion of Superior Healing","rare",""
"Potion of Supreme Healing","very rare",""
"Potion of Thunder Resistance","uncommon",""
"Potion of Vitality","very rare",""
"Potion of Water Breathing","uncommon",""
"Quaal's Feather Token, Anchor","uncommon",""
"Quaal's Feather Token, Bird","rare",""
"Quaal's Feather Token, Fan","uncommon",""
"Quaal's Feather Token, Swan Boat","rare",""
"Quaal's Feather Token, Tree","uncommon",""
"Quaal's Feather Token, Whip","rare",""
"Quarterstaff of the Acrobat","very rare","Requires Attunement"
"Quiver of Ehlonna","uncommon",""
"Rapier of Life Stealing","rare","Requires Attunement"
"Rapier of Wounding","rare","Requires Attunement"
"Red Dragon Scale Mail","very rare","Requires Attunement"
"Ring Mail of Acid Resistance","rare","Requires Attunement"
"Ring Mail of Cold Resistance","rare","Requires Attunement"
"Ring Mail of Fire Resistance","rare","Requires Attunement"
"Ring Mail of Force Resistance","rare","Requires Attunement"
"Ring Mail of Lightning Resistance","rare","Requires Attunement"
"Ring Mail of Necrotic Resistance","rare","Requires Attunement"
"Ring Mail of Poison Resistance","rare","Requires Attunement"
"Ring Mail of Psychic Resistance","rare","Requires Attunement"
"Ring Mail of Radiant Resistance","rare","Requires Attunement"
"Ring Mail of Thunder Resistance","rare","Requires Attunement"
"Ring Mail of Vulnerability (Bludgeoning)","rare","Requires Attunement"
"Ring Mail of Vulnerability (Piercing)","rare","Requires Attunement"
"Ring Mail of Vulnerability (Slashing)","rare","Requires Attunement"
"Ring of Acid Resistance","rare",""
"Ring of Animal Influence","rare",""
"Ring of Cold Resistance","rare",""
"Ring of Evasion","rare","Requires Attunement"
"Ring of Feather Falling","rare","Requires Attunement"
"Ring of Fire Resistance","rare",""
"Ring of Force Resistance","rare",""
"Ring of Free Action","rare","Requires Attunement"
"Ring of Jumping","uncommon","Requires Attunement"
"Ring of Lightning Resistance","rare",""
"Ring of Mind Shielding","uncommon","Requires Attunement"
"Ring of Necrotic Resistance","rare",""
"Ring of Poison Resistance","rare",""
"Ring of Protection","rare","Requires Attunement"
"Ring of Psychic Resistance","rare",""
"Ring of Radiant Resistance","rare",""
"Ring of Regeneration","very rare","Requires Attunement"
"Ring of Resistance","rare",""
"Ring of Shooting Stars","very rare","Requires Attunement"
"Ring of Spell Storing","rare","Requires Attunement"
"Ring of Swimming","uncommon",""
"Ring of Telekinesis","very rare","Requires Attunement"
"Ring of Thunder Resistance","rare",""
"Ring of Warmth","uncommon","Requires Attunement"
"Ring of Water Walking","uncommon",""
"Ring of X-ray Vision","rare","Requires Attunement"
"Ring of the Ram","rare","Requires Attunement"
"Robe of Eyes","rare","Requires Attunement"
"Robe of Scintillating Colors","very rare","Requires Attunement"
"Robe of Stars","very rare","Requires Attunement"
"Robe of Useful Items","uncommon",""
"Rod of Absorption","very rare","Requires Attunement"
"Rod of Alertness","very rare","Requires Attunement"
"Rod of Rulership","rare","Requires Attunement"
"Rod of Security","very rare",""
"Rope of Climbing","uncommon",""
"Rope of Entanglement","rare",""
"Scale Mail of Acid Resistance","rare","Requires Attunement"
"Scale Mail of Cold Resistance","rare","Requires Attunement"
"Scale Mail of Fire Resistance","rare","Requires Attunement"
"Scale Mail of Force Resistance","rare","Requires Attunement"
"Scale Mail of Lightning Resistance","rare","Requires Attunement"
"Scale Mail of Necrotic Resistance","rare","Requires Attunement"
"Scale Mail of Poison Resistance","rare","Requires Attunement"
"Scale Mail of Psychic Resistance","rare","Requires Attunement"
"Scale Mail of Radiant Resistance","rare","Requires Attunement"
"Scale Mail of Thunder Resistance","rare","Requires Attunement"
"Scale Mail of Vulnerability (Bludgeoning)","rare","Requires Attunement"
"Scale Mail of Vulnerability (Piercing)","rare","Requires Attunement"
"Scale Mail of Vulnerability (Slashing)","rare","Requires Attunement"
"Scimitar of Life Stealing","rare","Requires Attunement"
"Scimitar of Sharpness","very rare","Requires Attunement"
"Scimitar of Speed","very rare","Requires Attunement"
"Scimitar of Wounding","rare","Requires Attunement"
"Sending Stones","uncommon",""
"Sentinel Shield","uncommon",""
"Shield of Missile Attraction","rare","Requires Attunement"
"Shield of the Cavalier","very rare","Requires Attunement"
"Shortsword of Life Stealing","rare","Requires Attunement"
"Shortsword of Wounding","rare","Requires Attunement"
"Silver Dragon Scale Mail","very rare","Requires Attunement"
"Sling Bullet of Slaying","very rare",""
"Slippers of Spider Climbing","uncommon","Requires Attunement"
"Spell Scroll (Cantrip)","common",""
"Spell Scroll (Level 1)","common",""
"Spell Scroll (Level 2)","uncommon",""
"Spell Scroll (Level 3)","uncommon",""
"Spell Scroll (Level 4)","rare",""
"Spell Scroll (Level 5)","rare",""
"Spell Scroll (Level 6)","very rare",""
"Spell Scroll (Level 7)","very rare",""
"Spell Scroll (Level 8)","very rare",""
"Spellguard Shield","very rare","Requires Attunement"
"Splint Armor of Acid Resistance","rare","Requires Attunement"
"Splint Armor of Cold Resistance","rare","Requires Attunement"
"Splint Armor of Fire Resistance","rare","Requires Attunement"
"Splint Armor of Force Resistance","rare","Requires Attunement"
"Splint Armor of Lightning Resistance","rare","Requires Attunement"
"Splint Armor of Necrotic Resistance","rare","Requires Attunement"
"Splint Armor of Poison Resistance","rare","Requires Attunement"
"Splint Armor of Psychic Resistance","rare","Requires Attunement"
"Splint Armor of Radiant Resistance","rare","Requires Attunement"
"Splint Armor of Thunder Resistance","rare","Requires Attunement"
"Splint Armor of Vulnerability (Bludgeoning)","rare","Requires Attunement"
"Splint Armor of Vulnerability (Piercing)","rare","Requires Attunement"
"Splint Armor of Vulnerability (Slashing)","rare","Requires Attunement"
"Staff of Charming","rare","Requires Attunement By a Bard, Cleric, Druid, Sorcerer, Warlock, or Wizard"
"Staff of Fire","very rare","Requires Attunement By a Druid, Sorcerer, Warlock, or Wizard"
"Staff of Frost","very rare","Requires Attunement By a Druid, Sorcerer, Warlock, or Wizard"
"Staff of Healing","rare","Requires Attunement By a Bard, Cleric, or Druid"
"Staff of Power","very rare","Requires Attunement By a Sorcerer, Warlock, or Wizard"
"Staff of Striking","very rare","Requires Attunement"
"Staff of Swarming Insects","rare","Requires Attunement By a Bard, Cleric, Druid, Sorcerer, Warlock, or Wizard"
"Staff of Thunder and Lightning","very rare","Requires Attunement"
"Staff of Withering","rare","Requires Attunement By a Cleric, Druid, or Warlock"
"Staff of the Python","uncommon","Requires Attunement"
"Staff of the Woodlands","rare","Requires Attunement By a Druid"
"Stone of Controlling Earth Elementals","rare",""
"Stone of Good Luck","uncommon","Requires Attunement"
"Studded Leather Armor of Acid Resistance","rare","Requires Attunement"
"Studded Leather Armor of Cold Resistance","rare","Requires Attunement"
"Studded Leather Armor of Fire Resistance","rare","Requires Attunement"
"Studded Leather Armor of Force Resistance","rare","Requires Attunement"
"Studded Leather Armor of Lightning Resistance","rare","Requires Attunement"
"Studded Leather Armor of Necrotic Resistance","rare","Requires Attunement"
"Studded Leather Armor of Poison Resistance","rare","Requires Attunement"
"Studded Leather Armor of Psychic Resistance","rare","Requires Attunement"
"Studded Leather Armor of Radiant Resistance","rare","Requires Attunement"
"Studded Leather Armor of Thunder Resistance","rare","Requires Attunement"
"Studded Leather Armor of Vulnerability (Bludgeoning)","rare","Requires Attunement"
"Studded Leather Armor of Vulnerability (Piercing)","rare","Requires Attunement"
"Studded Leather Armor of Vulnerability (Slashing)","rare","Requires Attunement"
"Sun Blade","rare","Requires Attunement"
"Thunderous Greatclub","very rare","Requires Attunement"
"Tome of Clear Thought","very rare",""
"Tome of Leadership and Influence","very rare",""
"Tome of Understanding","very rare",""
"Trident of Fish Command","uncommon","Requires Attunement"
"Vicious Battleaxe","rare",""
"Vicious Blowgun","rare",""
"Vicious Club","rare",""
"Vicious Dagger","rare",""
"Vicious Dart","rare",""
"Vicious Flail","rare",""
"Vicious Glaive","rare",""
"Vicious Greataxe","rare",""
"Vicious Greatclub","rare",""
"Vicious Greatsword","rare",""
"Vicious Halberd","rare",""
"Vicious Hand Crossbow","rare",""
"Vicious Handaxe","rare",""
"Vicious Heavy Crossbow","rare",""
"Vicious Javelin","rare",""
"Vicious Lance","rare",""
"Vicious Light Crossbow","rare",""
"Vicious Light Hammer","rare",""
"Vicious Longbow","rare",""
"Vicious Longsword","rare",""
"Vicious Mace","rare",""
"Vicious Maul","rare",""
"Vicious Morningstar","rare",""
"Vicious Pike","rare",""
"Vicious Quarterstaff","rare",""
"Vicious Rapier","rare",""
"Vicious Scimitar","rare",""
"Vicious Shortbow","rare",""
"Vicious Shortsword","rare",""
"Vicious Sickle","rare",""
"Vicious Sling","rare",""
"Vicious Spear","rare",""
"Vicious Staff","rare",""
"Vicious Trident","rare",""
"Vicious War Pick","rare",""
"Vicious Warhammer","rare",""
"Vicious Whip","rare",""
"Vicious Wooden Staff","rare",""
"Wand of Binding","rare","Requires Attunement"
"Wand of Enemy Detection","rare","Requires Attunement"
"Wand of Fear","rare","Requires Attunement"
"Wand of Fireballs","rare","Requires Attunement By a Spellcaster"
"Wand of Lightning Bolts","rare","Requires Attunement By a Spellcaster"
"Wand of Magic Detection","uncommon",""
"Wand of Magic Missiles","uncommon",""
"Wand of Paralysis","rare","Requires Attunement By a Spellcaster"
"Wand of Polymorph","very rare","Requires Attunement By a Spellcaster"
"Wand of Secrets","uncommon",""
"Wand of Web","uncommon","Requires Attunement By a Spellcaster"
"Wand of Wonder","rare","Requires Attunement"
"White Dragon Scale Mail","very rare","Requires Attunement"
"Wind Fan","uncommon",""
"Winged Boots","uncommon","Requires Attunement"
"Wings of Flying","rare","Requires Attunement"